venta_id,fecha_alquiler,cliente_id,vehiculo_id,sucursal_id,costo_alquiler,gasto_operativo,metodo_pago,descuento,kilometros_recorridos
1,2024-03-29,1849,505,7,1757.88,568.68,cash,85.23,552
2,2024-12-26,3905,526,4,801.13,58.71,cash,36.19,691
3,2024-03-18,5721,430,3,869.62,261.37,Bitcoin,90.87,652
4,2023-11-16,1667,578,9,1360.7,128.88,cash,130.23,198
5,2024-10-16,5284,312,8,1825.45,295.56,cash,108.05,711
6,2023-12-14,1515,652,6,1601.75,588.64,Venmo,110.9,678
7,2023-05-13,7869,321,10,2417.41,108.64,Bitcoin,80.05,239
8,2023-03-15,7981,379,8,1397.7,483.79,Google Pay,24.46,614
9,2024-12-04,6038,988,2,1178.4,190.87,Bitcoin,175.64,54
10,2023-07-26,3902,722,8,2076.31,673.04,Google Pay,180.55,255
11,2023-08-04,3744,447,2,832.93,473.87,bank transfer,101.7,302
12,2023-11-05,4324,850,10,1901.51,559.79,Zelle,100.59,546
13,2024-02-02,3600,778,8,1217.19,652.41,cash,35.69,753
14,2024-05-21,2544,861,2,1167.73,661.75,Google Pay,146.4,17
15,2023-12-28,4676,363,10,361.68,136.98,PayPal,0.69,60
16,2024-02-14,6877,880,4,2288.43,429.93,Venmo,189.03,622
17,2023-01-04,4807,812,3,556.57,116.43,cash,48.97,370
18,2023-07-20,4864,657,5,2151.87,523.33,cash,4.9,304
19,2023-01-22,4908,216,8,2011.48,692.53,gift card,129.4,798
20,2024-12-06,8619,536,8,1357.52,250.99,Apple Pay,71.6,73
21,2024-11-20,3248,801,3,537.56,554.85,Zelle,87.1,570
22,2023-09-03,6893,214,3,1327.78,574.67,Venmo,103.2,26
23,2023-11-24,7852,841,8,2172.99,79.57,Google Pay,161.01,223
24,2024-10-29,3123,484,2,1649.58,332.31,cash,20.53,674
25,2024-03-15,8306,991,1,885.4,581.01,Google Pay,88.45,111
26,2023-12-22,8823,958,2,2007.92,402.91,Google Pay,29.73,70
27,2024-09-27,1221,280,5,1464.54,539.62,Venmo,38.89,656
28,2023-03-27,1856,894,9,2229.83,286.91,PayPal,129.72,45
29,2023-09-06,2003,833,6,2033.92,679.4,bank transfer,42.69,548
30,2024-05-27,6599,572,7,865.26,414.19,PayPal,17.7,698
31,2023-11-08,5240,607,5,2411.04,57.21,Google Pay,48.08,533
32,2023-02-01,2299,721,9,2166.92,153.59,Apple Pay,71.74,99
33,2024-03-10,5073,869,1,2340.63,495.52,Bitcoin,156.94,507
34,2023-04-13,4499,643,2,1775.62,514.4,gift card,112.95,722
35,2023-06-02,7186,226,8,771.36,361.81,PayPal,15.82,417
36,2023-11-06,1045,424,8,1566.13,618.93,Apple Pay,142.06,127
37,2023-12-26,8880,781,6,702.57,77.55,PayPal,194.15,711
38,2024-03-14,5829,556,10,1780.78,410.25,bank transfer,177.56,135
39,2023-02-07,5698,449,10,1330.81,509.83,cash,191.93,153
40,2024-04-21,5770,237,7,1538.3,625.89,Zelle,109.49,424
41,2024-07-08,3836,307,5,1151.46,491.1,bank transfer,173.62,396
42,2023-12-17,7323,562,10,1383.3,90.69,Google Pay,25.57,636
43,2023-06-09,1394,571,2,957.87,226.76,bank transfer,187.81,56
44,2024-08-03,9895,451,5,2268.73,372.16,Bitcoin,58.75,236
45,2024-08-22,6093,272,7,1601.29,315.37,Apple Pay,86.62,696
46,2024-05-31,3259,762,2,2296.73,70.93,Apple Pay,179.17,624
47,2023-07-19,2132,263,4,2242.01,585.6,Google Pay,17.74,143
48,2023-04-03,5397,599,2,2117.92,556.41,gift card,96.86,422
49,2023-05-23,2003,958,4,1170.0,94.09,Apple Pay,116.71,225
50,2023-08-08,8925,911,2,1036.44,264.22,Google Pay,78.47,713
51,2023-02-19,8098,827,5,2388.51,390.04,bank transfer,193.46,553
52,2023-10-08,1764,514,9,2186.68,363.15,Apple Pay,73.82,534
53,2023-02-14,3937,683,10,865.43,660.39,Bitcoin,42.4,13
54,2024-05-07,8738,813,9,1402.17,570.79,credit card,49.63,799
55,2023-02-22,2871,626,1,2128.06,685.46,bank transfer,169.04,573
56,2023-03-25,7973,625,8,500.07,303.8,cash,19.24,412
57,2024-06-02,3373,739,9,336.5,444.21,gift card,188.14,200
58,2023-10-28,7748,362,5,1621.39,487.9,Venmo,158.07,163
59,2023-08-29,6507,869,7,1578.04,224.14,bank transfer,131.46,674
60,2023-10-14,2083,611,7,401.83,489.27,bank transfer,175.49,672
61,2023-04-07,8071,879,5,1735.0,657.93,Bitcoin,117.24,278
62,2023-01-11,5804,826,8,2428.19,651.54,Apple Pay,97.89,578
63,2024-09-11,7845,599,8,890.35,607.53,credit card,122.76,155
64,2023-04-15,4540,386,5,1083.58,259.32,PayPal,98.78,205
65,2023-09-14,3177,472,5,475.46,308.06,Venmo,91.23,609
66,2023-10-01,7398,209,7,620.98,353.47,cash,51.32,483
67,2024-12-12,2043,885,6,908.86,110.86,Venmo,170.07,190
68,2023-03-29,9068,751,1,773.38,93.18,Apple Pay,190.37,497
69,2023-11-27,3400,515,2,551.51,319.06,Venmo,68.84,495
70,2024-11-09,3801,578,5,2244.74,331.41,Apple Pay,39.81,601
71,2024-10-19,7339,207,3,373.57,318.24,bank transfer,31.81,696
72,2023-04-07,3590,923,1,633.19,480.32,gift card,34.06,723
73,2024-12-30,8261,541,3,880.41,636.52,Apple Pay,102.23,369
74,2024-08-01,6862,676,8,1254.34,443.05,cash,193.87,345
75,2024-06-16,2755,341,8,1890.97,470.34,Bitcoin,58.54,235
76,2024-07-12,5912,519,5,863.21,616.33,Zelle,12.06,599
77,2023-05-17,9105,737,1,2061.51,535.8,cash,137.97,622
78,2024-07-16,4705,798,8,2408.8,89.54,Venmo,14.46,31
79,2024-09-28,3872,608,10,2172.72,663.03,Zelle,157.18,582
80,2023-02-07,1292,200,4,548.95,425.82,bank transfer,46.5,19
81,2024-05-13,3433,444,2,2148.98,246.79,gift card,118.04,151
82,2023-11-15,2874,494,10,684.07,411.6,PayPal,176.18,363
83,2023-04-26,7623,990,4,1229.95,630.86,gift card,156.19,779
84,2024-04-24,2141,625,8,2306.73,240.76,Zelle,113.97,260
85,2023-02-15,1389,799,1,1894.78,445.0,Venmo,173.92,39
86,2023-03-13,7562,490,4,821.45,199.39,Venmo,123.87,697
87,2024-04-11,4050,728,2,1866.86,181.4,Google Pay,38.07,37
88,2024-03-16,9575,770,5,2469.26,115.6,credit card,144.34,575
89,2023-09-03,4217,846,1,1541.3,481.95,credit card,50.1,124
90,2023-07-26,3588,976,10,1201.97,458.4,bank transfer,171.54,674
91,2024-07-01,6706,846,3,463.61,437.7,Zelle,132.22,221
92,2023-06-10,5505,581,3,1933.87,638.5,PayPal,73.07,565
93,2024-02-08,5972,954,6,2205.54,271.0,Google Pay,49.69,590
94,2024-01-22,4677,974,2,989.68,554.4,Venmo,72.09,139
95,2024-05-25,5934,791,5,2024.92,630.69,Apple Pay,181.32,715
96,2024-07-04,5260,572,5,1529.76,669.66,PayPal,61.29,440
97,2024-02-17,5464,708,4,807.03,413.16,credit card,134.75,251
98,2023-07-28,4677,215,5,2460.02,565.49,Google Pay,97.07,518
99,2023-06-04,9194,441,10,2441.15,682.79,Google Pay,166.5,380
100,2024-05-21,6414,752,10,2122.5,246.03,PayPal,147.1,234
101,2024-10-31,4519,742,3,1183.38,56.56,Apple Pay,72.64,17
102,2024-05-20,8412,628,1,1465.27,585.61,gift card,35.99,206
103,2024-01-08,5160,298,2,2303.49,301.45,bank transfer,67.25,632
104,2024-08-09,1511,721,4,2326.34,308.35,Venmo,142.59,642
105,2024-12-22,7533,815,8,1792.73,191.49,PayPal,138.46,255
106,2023-03-20,7786,487,4,1345.28,502.13,Venmo,165.24,727
107,2024-05-07,2523,963,3,2026.56,357.73,Bitcoin,146.89,737
108,2024-04-17,2298,407,7,2196.89,517.9,Venmo,97.97,247
109,2023-02-20,4297,657,8,522.59,570.42,Venmo,159.65,170
110,2023-09-12,2861,994,4,2456.49,590.48,PayPal,21.6,554
111,2023-09-09,4305,447,6,2318.02,634.21,Venmo,94.79,548
112,2023-06-15,5645,876,5,1266.79,662.45,PayPal,9.55,731
113,2024-03-06,5711,655,5,2176.02,315.62,Apple Pay,198.71,555
114,2023-11-05,9755,493,8,340.98,381.59,credit card,93.4,129
115,2023-08-25,9055,765,3,2092.66,160.73,PayPal,84.42,760
116,2023-08-08,8361,805,3,2493.28,250.26,Bitcoin,63.35,281
117,2024-07-23,4494,349,9,2099.49,52.84,bank transfer,198.14,603
118,2023-01-15,1503,357,3,889.9,658.68,Google Pay,141.79,19
119,2023-10-31,7641,921,9,965.18,304.66,Bitcoin,69.63,61
120,2023-09-20,4813,599,8,2177.34,450.89,Zelle,166.91,120
121,2023-08-12,4111,696,9,655.2,468.22,cash,127.51,211
122,2024-11-22,1707,982,5,1854.71,490.66,Zelle,161.75,483
123,2024-04-08,4913,729,5,627.56,258.57,PayPal,97.45,697
124,2024-08-26,5151,759,5,854.36,137.92,bank transfer,104.16,648
125,2024-01-22,2693,309,7,2402.59,460.04,Zelle,194.83,97
126,2023-03-01,6219,475,3,340.95,584.72,Zelle,18.92,214
127,2023-03-27,6201,465,2,793.76,500.37,gift card,92.03,272
128,2024-05-02,7122,930,2,1881.99,166.85,gift card,182.91,757
129,2024-06-16,1435,709,5,1960.83,253.15,PayPal,127.57,725
130,2023-04-28,5900,298,6,1505.67,574.1,Venmo,118.05,263
131,2023-03-22,2081,371,6,958.2,66.64,cash,99.16,789
132,2024-01-26,7889,469,2,2240.68,606.3,Apple Pay,197.03,336
133,2023-09-10,5443,567,5,2153.6,565.56,bank transfer,52.02,405
134,2024-02-27,2774,611,3,2219.68,591.79,cash,85.95,596
135,2023-10-10,4559,283,5,902.35,191.25,bank transfer,154.97,734
136,2024-11-01,9962,676,10,776.92,57.95,Venmo,137.31,554
137,2024-03-02,2667,606,6,829.4,215.61,Bitcoin,174.8,762
138,2023-03-11,3726,670,7,1199.85,52.95,Google Pay,117.18,595
139,2024-04-28,4219,732,8,844.51,416.28,bank transfer,14.9,54
140,2023-05-19,9504,552,4,1975.55,447.68,Bitcoin,84.72,775
141,2023-09-06,8388,660,10,1997.24,404.29,credit card,62.91,296
142,2024-04-04,4236,245,10,536.25,378.65,Apple Pay,185.96,491
143,2024-08-05,9249,772,5,1203.77,56.47,cash,107.42,210
144,2023-10-13,1376,938,3,681.38,581.58,gift card,51.65,15
145,2024-06-23,4590,636,9,1397.97,289.55,credit card,6.08,364
146,2024-05-05,4077,846,9,863.42,201.2,Google Pay,71.94,622
147,2023-05-23,6107,757,1,555.32,378.58,Venmo,67.16,488
148,2023-02-12,9438,211,7,1538.1,531.25,cash,109.33,166
149,2023-11-28,5860,499,9,676.97,284.16,credit card,151.52,174
150,2024-03-23,1328,954,9,748.72,143.18,bank transfer,5.14,77
151,2024-07-28,7668,999,6,952.99,671.26,Apple Pay,112.17,211
152,2024-12-21,8494,256,3,895.12,376.48,bank transfer,101.4,134
153,2024-09-22,2436,415,3,1942.3,691.86,credit card,93.89,588
154,2023-06-09,5038,759,4,1169.76,65.27,Bitcoin,179.41,128
155,2024-10-08,9677,768,5,898.81,229.52,gift card,166.87,436
156,2024-02-20,3198,633,6,1381.62,535.73,Google Pay,57.94,660
157,2024-07-03,8165,697,10,1694.29,663.83,cash,16.83,373
158,2024-08-15,7466,365,7,2478.8,368.1,Zelle,91.69,771
159,2024-10-29,6678,730,6,891.85,623.55,PayPal,93.62,209
160,2023-03-27,3507,867,5,1870.8,511.68,credit card,155.34,224
161,2023-11-14,7610,419,6,1662.88,469.51,gift card,163.41,223
162,2024-12-28,9945,864,7,2388.37,370.62,Bitcoin,38.2,270
163,2023-09-08,9076,576,6,536.32,400.35,PayPal,32.43,554
164,2024-07-03,6096,306,5,867.98,278.51,bank transfer,123.41,151
165,2024-06-10,2399,377,4,2332.87,392.68,Apple Pay,176.83,610
166,2024-10-05,3649,386,5,1912.99,289.69,Bitcoin,31.44,160
167,2024-08-04,3018,508,2,1795.13,73.22,Bitcoin,142.61,104
168,2023-08-05,9347,327,9,1458.59,590.42,PayPal,60.1,61
169,2024-06-29,2068,237,6,639.01,165.59,bank transfer,123.24,32
170,2023-07-13,7388,615,4,637.9,500.17,bank transfer,30.11,694
171,2024-06-07,1672,982,8,2477.37,298.67,gift card,89.23,386
172,2023-03-08,8037,972,2,380.65,195.96,credit card,62.14,28
173,2023-12-20,5183,619,6,1373.15,567.84,PayPal,133.49,356
174,2023-07-07,7185,650,9,589.4,495.45,Venmo,102.41,679
175,2023-09-24,5692,869,4,1536.86,662.3,Apple Pay,37.44,138
176,2024-09-10,7420,461,10,596.89,184.76,PayPal,121.74,585
177,2023-07-05,4185,689,9,1999.4,342.9,Apple Pay,133.22,142
178,2024-02-19,2856,972,6,504.13,202.4,Venmo,90.53,142
179,2023-09-29,3158,535,1,2181.37,545.94,bank transfer,191.64,784
180,2023-03-12,7742,221,5,557.61,605.7,Venmo,196.46,230
181,2024-02-21,9514,866,5,1353.04,265.14,bank transfer,24.92,271
182,2024-04-09,4960,384,10,705.46,375.52,PayPal,158.76,572
183,2023-03-19,6217,584,3,956.99,301.26,cash,36.92,777
184,2024-12-15,6143,678,4,360.17,448.41,Venmo,158.25,238
185,2023-07-13,7775,329,10,1977.56,231.62,Apple Pay,74.01,158
186,2024-05-18,1191,708,8,2386.52,545.26,PayPal,106.06,766
187,2023-08-03,1781,849,8,1015.19,142.78,bank transfer,162.32,157
188,2023-07-05,9250,645,4,2288.52,431.53,bank transfer,187.35,377
189,2023-05-01,7509,561,7,1129.54,662.13,Zelle,5.42,605
190,2024-08-24,6196,541,8,1481.79,475.38,Venmo,71.7,26
191,2024-09-09,3281,721,1,1837.84,533.5,Apple Pay,56.77,495
192,2023-05-10,4120,901,8,1251.74,639.1,cash,37.69,196
193,2024-10-09,2903,205,8,2335.93,165.84,PayPal,117.49,245
194,2023-02-26,3505,330,7,902.95,145.56,Zelle,184.88,285
195,2024-04-15,1275,986,10,382.69,682.03,credit card,81.52,101
196,2024-07-22,7657,584,9,463.4,371.36,Venmo,179.68,170
197,2024-11-12,5802,317,8,1619.29,130.77,Apple Pay,145.75,16
198,2023-08-05,6675,528,4,2148.78,423.01,bank transfer,143.77,137
199,2024-09-29,3998,213,2,1449.45,578.3,credit card,45.32,291
200,2023-04-06,2528,580,5,1393.87,465.99,Google Pay,156.02,525
201,2024-12-07,7683,885,7,1571.53,108.73,Venmo,22.42,562
202,2023-05-03,2424,226,6,371.15,408.11,credit card,189.04,442
203,2023-05-25,1949,743,10,2282.1,122.64,credit card,30.12,124
204,2024-01-27,5354,352,9,2392.89,591.77,bank transfer,110.98,553
205,2023-03-23,2893,440,4,1718.56,606.03,gift card,69.56,470
206,2023-07-04,2560,828,1,1882.1,198.97,Zelle,77.89,736
207,2023-02-21,2251,847,1,371.29,253.77,credit card,120.01,573
208,2023-08-06,8375,255,6,1649.01,323.63,bank transfer,78.97,502
209,2023-08-06,7503,268,9,2282.24,485.42,Google Pay,167.64,498
210,2023-04-08,4703,919,8,1917.08,268.26,cash,99.48,718
211,2024-03-09,5304,771,1,1561.61,592.53,bank transfer,26.06,639
212,2023-07-01,6147,957,6,1374.35,666.78,Zelle,0.5,345
213,2024-12-08,4168,209,5,647.06,522.39,bank transfer,112.34,62
214,2024-10-14,9735,763,7,1174.49,111.29,cash,106.27,446
215,2023-03-19,9989,971,9,508.29,185.64,Bitcoin,110.52,426
216,2024-05-14,9392,267,1,308.91,216.12,Apple Pay,94.91,501
217,2023-01-07,1137,913,6,765.52,293.74,Google Pay,138.97,582
218,2024-08-30,1684,794,2,977.95,467.07,cash,1.78,253
219,2024-01-18,3041,254,3,1828.08,105.75,bank transfer,63.19,25
220,2024-07-28,3629,949,7,1854.48,455.31,PayPal,81.89,156
221,2023-05-25,8870,681,10,1322.97,468.2,Zelle,114.69,500
222,2024-06-03,5536,228,4,591.6,423.86,credit card,181.1,649
223,2024-11-07,7029,630,5,2451.69,643.19,cash,77.39,334
224,2024-12-06,9602,663,6,1408.36,419.22,Google Pay,102.75,263
225,2023-04-15,6350,460,10,2184.56,507.51,gift card,189.17,516
226,2024-06-19,9036,429,7,595.29,165.28,Apple Pay,144.17,798
227,2023-12-03,2354,891,4,960.94,264.47,bank transfer,132.58,752
228,2023-03-06,3135,576,8,2166.64,61.6,Venmo,3.28,449
229,2024-08-05,1747,560,10,1131.97,624.51,bank transfer,129.86,274
230,2024-06-18,8743,960,7,1053.42,378.8,Zelle,159.2,370
231,2023-04-30,7953,627,1,2477.94,438.93,cash,74.41,655
232,2024-11-13,3464,658,9,1315.09,60.16,cash,91.65,574
233,2024-10-04,3865,836,9,1073.14,648.91,gift card,50.56,147
234,2023-05-21,1931,265,7,1604.89,525.84,Google Pay,26.56,390
235,2024-09-27,9496,355,3,1711.36,689.54,bank transfer,148.04,159
236,2023-09-05,9567,930,8,1957.93,87.59,gift card,107.14,611
237,2023-06-16,6215,216,7,2453.53,85.82,PayPal,53.67,600
238,2023-06-19,7729,589,7,1484.95,138.0,Bitcoin,161.88,213
239,2024-09-06,3605,372,4,1729.23,237.16,cash,98.42,185
240,2023-08-22,8527,763,5,409.92,628.43,Zelle,26.24,179
241,2023-01-13,4810,330,10,1023.48,286.2,Google Pay,193.23,58
242,2023-05-19,3023,846,8,2329.0,160.86,gift card,83.0,519
243,2023-03-29,4185,699,2,2392.54,418.79,bank transfer,104.33,36
244,2024-05-15,5505,400,7,1246.15,507.11,cash,143.24,749
245,2023-03-31,7641,224,8,1531.54,133.04,gift card,82.73,723
246,2023-05-04,1024,349,10,1763.07,338.75,cash,56.91,589
247,2023-09-27,1396,280,2,308.36,680.27,gift card,119.55,254
248,2023-08-30,8960,656,6,760.86,304.95,Google Pay,43.76,623
249,2024-03-18,2256,817,3,337.34,622.78,Bitcoin,58.17,569
250,2023-07-18,3112,436,7,1831.42,163.31,gift card,90.53,18
251,2023-01-17,8123,633,2,2407.97,390.7,bank transfer,102.79,717
252,2024-04-12,1692,496,9,1562.83,178.14,Bitcoin,31.28,109
253,2023-11-21,7400,939,7,972.59,347.78,gift card,112.19,751
254,2023-11-07,2042,416,10,2200.07,163.47,bank transfer,27.34,283
255,2024-01-17,8428,469,7,368.98,379.19,credit card,171.32,41
256,2023-01-25,6508,573,3,1068.3,671.27,Apple Pay,133.43,779
257,2024-12-15,5287,821,2,1344.75,692.75,cash,129.97,701
258,2024-11-07,8034,728,6,848.75,96.55,Google Pay,17.02,639
259,2023-04-28,9159,784,2,1773.84,52.18,credit card,176.97,83
260,2023-04-25,5801,821,2,2248.02,72.15,Zelle,104.2,36
261,2023-06-06,6158,712,7,716.51,560.95,cash,51.86,386
262,2024-04-11,1736,609,8,1556.56,353.11,Apple Pay,50.7,375
263,2023-11-17,9948,358,1,2337.66,311.92,Bitcoin,200.0,652
264,2023-03-29,9211,956,4,1115.02,370.96,cash,177.98,194
265,2023-12-25,3956,500,4,319.87,368.33,gift card,187.71,620
266,2023-11-01,8064,918,7,893.0,604.47,bank transfer,158.19,360
267,2023-04-28,2941,813,1,1451.41,435.25,Venmo,158.94,491
268,2024-08-04,4240,857,7,1649.96,655.55,Venmo,7.68,227
269,2024-01-19,4227,609,7,350.19,567.53,Google Pay,114.27,285
270,2024-02-05,5353,672,5,315.39,299.93,PayPal,100.54,29
271,2024-08-30,9201,482,3,1410.01,626.59,gift card,49.93,293
272,2024-12-08,1269,952,4,1066.09,383.14,cash,109.41,90
273,2023-10-15,8769,808,2,1515.97,59.92,PayPal,26.21,139
274,2023-09-29,2652,243,5,1326.23,416.49,Bitcoin,41.37,196
275,2024-06-11,3872,864,4,2105.99,311.15,bank transfer,31.63,155
276,2024-03-19,9155,997,4,2353.39,332.04,credit card,13.24,102
277,2024-11-01,5107,890,10,362.02,693.56,cash,192.55,361
278,2023-06-14,5703,712,3,1034.36,511.28,gift card,65.29,746
279,2024-04-20,4339,290,7,1078.87,579.93,cash,163.39,454
280,2024-09-28,7551,204,8,2013.23,460.03,bank transfer,146.64,670
281,2024-10-28,9828,998,9,1661.63,489.92,Venmo,49.09,105
282,2024-10-10,9711,949,2,1439.14,229.94,Bitcoin,64.39,784
283,2024-10-08,1121,290,10,1385.71,569.33,gift card,69.99,625
284,2023-05-10,2116,946,10,2190.44,226.09,Venmo,19.8,80
285,2023-11-29,8929,552,2,1779.47,210.54,Zelle,133.21,384
286,2023-11-20,4556,873,10,1187.72,448.28,credit card,169.02,765
287,2023-03-15,7391,939,4,1519.22,395.46,Bitcoin,42.49,427
288,2023-03-05,2315,324,3,1700.26,172.18,PayPal,172.86,289
289,2024-10-23,8014,758,2,1190.99,450.09,Venmo,48.36,745
290,2024-10-07,4119,569,4,1507.07,601.47,Google Pay,113.54,55
291,2024-09-23,7744,397,2,1825.43,408.77,PayPal,171.97,73
292,2024-11-21,8017,584,3,793.11,602.93,Google Pay,173.77,91
293,2023-05-18,6372,558,9,544.41,386.53,PayPal,112.34,525
294,2023-09-12,9315,788,6,2262.41,617.32,cash,162.29,492
295,2023-02-17,3098,746,1,1846.01,275.8,bank transfer,189.04,246
296,2024-03-18,1552,388,9,2297.78,419.15,Apple Pay,49.37,120
297,2024-03-22,9947,943,2,2105.96,633.03,gift card,184.8,313
298,2024-04-08,9615,465,10,823.81,374.34,cash,80.54,551
299,2024-02-27,4087,300,8,2299.77,311.92,credit card,135.39,428
300,2023-05-27,1992,450,3,2477.51,527.59,Apple Pay,43.61,290
301,2024-12-19,3164,398,8,1081.56,258.85,bank transfer,106.33,191
302,2023-10-23,5778,930,9,936.92,425.22,gift card,153.15,553
303,2023-06-28,1095,281,5,502.7,144.97,Google Pay,108.15,279
304,2024-07-14,5932,325,6,1987.75,493.36,gift card,42.31,154
305,2024-04-08,4533,782,3,1154.26,502.48,PayPal,38.81,244
306,2023-08-26,3532,360,10,738.88,309.14,PayPal,55.68,22
307,2024-03-26,9699,214,7,1410.42,50.21,Google Pay,147.27,679
308,2024-08-25,6162,997,4,1007.98,194.35,gift card,78.07,770
309,2024-03-28,5396,686,2,457.44,271.52,gift card,47.56,169
310,2024-09-21,7643,263,7,2183.53,403.25,gift card,32.71,323
311,2023-05-12,7659,426,10,2381.94,427.59,bank transfer,41.59,55
312,2024-08-25,3033,910,8,1551.5,626.4,Bitcoin,134.53,674
313,2024-07-26,1476,646,7,2289.96,226.25,Bitcoin,184.81,176
314,2023-08-14,4294,769,3,492.17,654.39,cash,168.6,151
315,2023-10-22,9939,916,4,1214.1,389.73,Apple Pay,38.89,736
316,2024-09-09,8571,878,4,2249.22,289.67,Bitcoin,110.2,781
317,2023-08-18,7924,580,9,1754.02,106.52,Bitcoin,82.44,225
318,2024-11-27,1275,674,7,2204.23,378.73,cash,197.28,418
319,2023-10-29,8024,382,2,374.26,205.18,credit card,136.66,370
320,2023-06-05,8924,715,7,980.6,621.37,PayPal,50.67,171
321,2024-07-15,3865,512,9,1918.85,329.69,Bitcoin,113.17,631
322,2024-12-18,7080,470,5,2208.36,532.24,credit card,75.59,231
323,2024-07-02,3071,485,2,1215.4,401.04,Bitcoin,137.09,11
324,2023-04-09,6531,326,2,343.9,436.89,Google Pay,177.92,696
325,2024-12-20,2849,738,8,1061.55,663.6,PayPal,190.8,605
326,2024-03-15,9703,227,3,1278.65,488.29,cash,49.23,685
327,2024-07-04,6346,735,9,583.98,327.64,credit card,49.38,297
328,2024-09-24,1549,657,6,373.78,472.44,Apple Pay,98.4,715
329,2023-02-20,5453,211,5,2017.31,335.01,Zelle,53.48,615
330,2023-10-02,5563,387,1,620.27,658.41,gift card,9.85,207
331,2024-01-02,5078,741,2,1123.6,243.08,gift card,51.04,225
332,2023-10-08,4218,506,4,1429.8,448.64,gift card,80.27,643
333,2023-04-15,3685,637,8,728.71,67.74,bank transfer,162.01,429
334,2023-03-01,6106,516,5,876.46,97.51,Bitcoin,73.01,227
335,2023-03-15,3301,999,2,1586.02,477.36,Apple Pay,166.76,132
336,2024-02-21,6056,279,9,2259.43,537.16,Venmo,63.67,722
337,2024-01-10,1512,554,7,2300.42,502.75,PayPal,183.08,25
338,2024-11-04,5057,761,8,1953.99,91.94,PayPal,35.05,285
339,2024-08-08,1434,840,8,329.26,697.77,cash,75.65,657
340,2023-09-01,9593,958,6,2434.45,217.62,Apple Pay,131.29,300
341,2024-05-16,9083,569,6,1736.9,544.62,Venmo,56.8,156
342,2024-08-25,3820,622,3,1357.37,692.59,cash,27.34,559
343,2023-11-02,2449,986,10,542.56,602.29,Venmo,129.47,37
344,2023-10-16,7929,333,5,2354.95,71.28,bank transfer,62.59,776
345,2023-07-09,3709,431,6,908.07,557.81,Google Pay,104.94,179
346,2023-09-12,7674,742,2,542.41,159.07,bank transfer,80.7,555
347,2024-02-23,4315,360,10,1099.69,276.34,PayPal,150.86,368
348,2024-01-07,9709,329,5,1353.64,673.45,Apple Pay,177.53,677
349,2024-03-01,4132,890,1,2012.38,581.15,Venmo,81.97,90
350,2023-03-20,3421,888,2,791.54,509.62,cash,150.04,449
351,2023-09-12,9083,976,6,2099.13,251.76,Bitcoin,67.43,404
352,2024-05-10,5134,711,8,1169.08,531.38,gift card,140.41,212
353,2023-07-03,1198,656,8,1208.19,382.53,cash,35.71,793
354,2024-01-04,9933,310,10,735.62,109.96,Google Pay,133.11,643
355,2024-03-29,5755,810,9,1734.27,367.14,PayPal,182.92,702
356,2024-01-12,3954,368,10,962.27,266.92,Bitcoin,77.16,55
357,2023-07-03,3465,395,9,1595.35,278.65,cash,79.66,287
358,2024-01-27,6811,811,10,1709.74,576.32,credit card,88.51,758
359,2023-03-06,2502,839,7,1000.79,505.07,Google Pay,173.3,553
360,2024-03-31,6991,271,2,1702.82,300.5,Zelle,37.0,619
361,2024-05-01,3373,392,5,912.41,619.6,Bitcoin,23.19,397
362,2023-11-24,6376,774,8,1833.62,440.78,Google Pay,85.17,359
363,2023-07-19,5871,950,4,2082.6,420.9,Zelle,20.05,232
364,2023-07-06,9768,667,7,736.35,568.59,cash,111.21,41
365,2024-08-11,2289,419,2,1676.22,448.86,credit card,138.37,608
366,2024-11-21,7531,615,1,2160.86,550.2,credit card,46.82,439
367,2023-11-14,3254,759,5,1260.36,333.99,PayPal,131.06,530
368,2024-09-04,1695,574,5,2042.14,111.75,Venmo,144.93,719
369,2024-01-28,5511,216,3,1453.74,227.09,Apple Pay,61.25,268
370,2024-03-21,2541,504,10,1473.8,656.59,Google Pay,172.8,309
371,2023-09-19,7111,551,7,1486.06,689.76,Google Pay,9.12,428
372,2024-12-09,2978,527,10,838.24,142.66,cash,99.33,528
373,2024-05-02,7984,542,3,1065.89,291.04,Zelle,77.93,37
374,2023-05-09,6995,330,3,646.43,596.7,Venmo,133.04,163
375,2024-03-13,3050,220,4,1389.58,280.05,gift card,23.01,495
376,2024-01-12,8404,608,2,1277.61,511.35,Apple Pay,194.61,292
377,2023-11-06,5110,474,9,1422.17,83.49,Apple Pay,3.47,734
378,2024-08-23,8852,907,9,612.94,565.27,Google Pay,169.21,144
379,2023-02-18,2029,327,8,2428.43,544.92,credit card,23.56,592
380,2024-01-25,5138,290,6,682.97,142.94,Bitcoin,193.11,390
381,2023-02-06,3729,662,6,865.68,642.28,Google Pay,32.29,699
382,2024-12-29,1170,759,4,1441.36,206.62,Venmo,125.4,394
383,2024-02-17,3135,386,1,1677.45,181.06,cash,14.97,153
384,2023-02-26,5800,885,3,747.55,252.78,bank transfer,133.52,113
385,2023-02-18,7283,748,8,1727.66,372.68,Venmo,18.46,159
386,2024-05-25,7395,515,10,1329.43,435.67,cash,65.07,680
387,2024-02-15,7110,303,9,1795.4,587.1,credit card,197.67,383
388,2023-05-14,9228,721,7,1529.55,217.46,Zelle,16.22,655
389,2023-02-20,1561,249,4,664.33,256.26,PayPal,188.65,407
390,2023-03-25,7622,644,10,1928.58,236.45,Zelle,154.42,61
391,2024-03-21,8732,940,5,782.82,446.71,credit card,51.2,216
392,2023-09-10,4771,421,9,2049.89,550.21,PayPal,50.67,661
393,2024-09-26,1601,689,10,1606.79,527.62,Bitcoin,29.38,233
394,2023-02-16,9508,950,5,733.45,342.56,Bitcoin,104.05,753
395,2023-01-20,8153,546,5,325.03,76.72,bank transfer,92.88,325
396,2023-08-11,5894,436,8,2361.46,312.68,bank transfer,27.03,218
397,2024-01-16,8447,780,8,1792.7,518.54,credit card,119.68,590
398,2023-10-14,5578,445,9,2150.44,574.57,Venmo,107.63,784
399,2024-05-02,8419,567,9,1612.76,86.68,Venmo,97.74,305
400,2024-05-10,8323,287,9,627.28,334.93,credit card,149.4,799
401,2024-04-27,2782,788,7,2089.12,623.26,gift card,78.61,654
402,2023-09-05,9039,669,8,1474.38,687.22,PayPal,21.32,30
403,2024-10-07,8484,357,7,2239.5,550.62,Google Pay,131.61,601
404,2024-11-12,3358,237,1,2419.33,324.96,credit card,102.15,67
405,2024-02-11,2179,393,5,1466.94,108.36,gift card,94.43,489
406,2023-03-07,1668,340,9,1451.69,384.98,Bitcoin,194.47,78
407,2023-04-01,7643,603,9,809.04,160.93,PayPal,23.89,454
408,2024-03-17,3625,316,7,1353.99,260.99,Google Pay,37.44,286
409,2024-08-21,5007,448,10,1631.39,609.25,PayPal,37.5,703
410,2024-08-10,9566,912,9,2391.15,235.87,Apple Pay,36.91,794
411,2023-05-11,8554,818,10,1234.08,366.47,PayPal,78.37,108
412,2023-01-04,5021,482,1,1359.12,56.11,Venmo,87.89,246
413,2023-03-06,9801,355,4,2177.12,129.54,gift card,121.59,147
414,2024-04-16,8309,258,6,519.17,51.77,gift card,23.71,625
415,2024-01-04,2608,286,8,1256.79,220.85,cash,171.73,466
416,2024-10-24,5428,660,1,426.66,583.44,Venmo,190.19,16
417,2023-04-24,5169,778,9,1712.18,375.29,gift card,14.13,499
418,2024-09-17,3348,498,3,396.22,486.34,bank transfer,122.24,398
419,2023-05-05,5921,777,4,661.8,556.24,Venmo,22.78,450
420,2023-10-26,4912,408,4,937.8,420.49,Apple Pay,113.32,251
421,2024-09-27,9469,999,4,1535.73,443.44,Venmo,132.46,696
422,2024-08-20,2847,672,5,922.57,385.51,Venmo,106.75,555
423,2023-12-26,6800,933,6,2319.65,674.52,bank transfer,122.41,124
424,2023-06-13,9922,317,7,1881.87,640.66,Google Pay,117.7,241
425,2024-11-07,2553,826,1,1619.88,419.48,Venmo,5.8,643
426,2024-11-11,9717,255,4,2138.07,99.38,gift card,165.0,491
427,2024-11-26,8716,651,7,1623.6,84.15,PayPal,54.69,321
428,2023-11-23,8262,200,10,1793.81,230.22,PayPal,91.85,614
429,2023-06-25,6639,580,1,1361.42,80.68,bank transfer,0.82,559
430,2024-07-16,8816,389,10,955.08,261.51,Bitcoin,65.18,594
431,2023-04-26,2161,308,2,1702.61,130.39,PayPal,28.08,481
432,2024-03-05,7187,348,1,622.22,349.57,Venmo,124.78,530
433,2024-11-10,1376,742,10,905.53,422.4,Bitcoin,65.75,228
434,2024-01-19,5100,566,8,2119.64,679.45,cash,106.33,453
435,2023-08-21,8584,690,8,358.52,511.0,cash,34.31,390
436,2023-06-30,2862,324,9,1180.49,640.2,Google Pay,118.02,528
437,2024-11-18,6155,908,4,830.91,292.29,PayPal,195.65,694
438,2023-12-19,5413,956,5,710.98,115.97,PayPal,150.31,572
439,2024-02-12,3723,254,4,2413.1,254.75,Venmo,2.8,70
440,2024-08-23,5363,278,4,1883.26,421.26,Google Pay,13.58,152
441,2023-06-06,6649,839,8,1295.11,220.57,credit card,118.65,508
442,2024-02-21,8149,639,9,1404.62,332.73,Apple Pay,74.73,221
443,2024-04-02,1314,915,5,1879.87,421.71,Apple Pay,132.01,82
444,2024-03-07,7472,543,9,1037.87,110.02,Zelle,44.56,760
445,2024-02-05,1446,605,7,926.95,554.07,Apple Pay,77.57,776
446,2023-08-14,2062,568,8,1503.29,595.04,Google Pay,73.75,220
447,2023-01-20,5171,797,2,1551.58,117.01,cash,193.08,208
448,2024-10-12,1628,801,1,2119.71,157.03,gift card,2.91,112
449,2023-08-11,3743,382,2,2334.4,118.57,Apple Pay,63.79,155
450,2023-09-19,5518,397,8,1292.26,521.61,gift card,70.38,194
451,2024-07-24,9121,328,5,2281.92,488.61,Zelle,53.03,72
452,2023-08-01,6980,734,2,936.23,173.39,bank transfer,95.2,196
453,2023-06-12,5128,507,9,1080.03,250.61,Bitcoin,42.44,50
454,2023-06-07,3256,445,5,1999.58,527.38,cash,158.66,12
455,2024-08-02,6424,357,9,1107.05,350.75,Venmo,98.01,250
456,2023-01-17,3467,521,6,1503.25,407.55,gift card,62.89,283
457,2024-08-31,6990,796,4,641.25,653.14,gift card,28.2,575
458,2024-02-02,1821,616,7,616.39,572.83,Google Pay,48.29,597
459,2023-02-09,8856,408,1,2477.11,301.51,PayPal,109.99,225
460,2024-04-07,4777,437,8,1082.43,119.52,cash,73.28,274
461,2024-10-08,9505,661,9,871.73,557.28,Venmo,58.68,369
462,2024-10-12,7154,825,8,900.4,132.89,gift card,14.15,102
463,2023-09-30,2517,864,6,1728.75,586.32,cash,124.9,578
464,2024-08-03,8932,521,4,1758.37,645.14,Venmo,112.63,796
465,2024-02-14,1530,814,2,1013.2,131.19,Apple Pay,165.76,427
466,2023-10-13,3176,206,3,919.8,624.29,bank transfer,171.82,518
467,2023-01-16,8887,206,9,1227.82,88.43,gift card,61.54,564
468,2024-11-20,5441,432,3,2175.63,260.51,credit card,113.75,46
469,2023-03-16,6645,781,4,682.89,96.78,Venmo,167.68,94
470,2024-06-29,3128,724,2,420.81,630.57,Apple Pay,53.02,349
471,2023-08-16,1958,329,10,1482.84,589.33,Bitcoin,5.35,549
472,2024-05-13,5879,707,10,420.92,50.2,Zelle,107.54,736
473,2024-04-01,2062,348,5,343.61,447.63,cash,137.44,190
474,2024-04-29,8270,840,6,883.85,218.45,gift card,141.11,557
475,2023-02-28,7560,608,5,1737.96,678.86,Bitcoin,188.25,167
476,2023-05-03,8160,921,9,2247.07,576.03,Apple Pay,84.11,388
477,2024-08-24,6580,696,2,1205.12,599.39,Bitcoin,123.94,297
478,2023-01-25,2342,228,2,1005.44,564.18,Apple Pay,11.55,198
479,2023-01-28,1234,439,2,1833.94,406.18,Bitcoin,140.84,749
480,2023-03-09,6803,848,7,1808.23,479.55,Apple Pay,113.11,286
481,2023-08-23,2075,461,7,2376.32,262.71,Venmo,189.39,244
482,2024-04-13,7146,638,1,904.72,266.36,bank transfer,186.32,453
483,2024-06-13,8970,971,1,1908.61,279.18,Bitcoin,70.03,588
484,2024-09-12,4956,368,10,2487.41,442.73,Google Pay,124.01,332
485,2023-06-10,9729,397,2,1483.26,536.97,Google Pay,79.61,270
486,2023-06-30,5920,458,8,603.93,282.94,cash,80.87,621
487,2023-08-21,2157,716,2,910.34,159.69,Bitcoin,87.2,369
488,2024-09-30,5049,878,9,555.99,483.6,gift card,180.43,448
489,2024-09-01,5577,783,8,1882.41,664.43,cash,10.62,684
490,2023-04-20,9422,824,7,2316.97,216.87,credit card,175.72,554
491,2024-10-04,4349,919,8,1961.96,383.39,Apple Pay,106.02,197
492,2023-04-17,8184,798,7,435.03,93.88,credit card,195.33,575
493,2024-02-06,4931,661,5,817.83,640.94,Venmo,182.86,304
494,2023-10-16,3954,532,9,2090.08,330.23,Zelle,38.78,80
495,2023-01-14,8363,271,5,2124.41,364.44,credit card,52.13,718
496,2023-05-07,4484,790,5,1033.43,693.22,Google Pay,72.36,479
497,2023-11-22,7886,794,4,983.47,280.45,Google Pay,102.53,655
498,2023-07-14,8452,428,7,1572.85,679.52,PayPal,198.98,118
499,2023-02-06,1523,397,6,903.48,455.41,Zelle,2.91,618
500,2024-03-10,1438,432,1,598.52,561.08,credit card,148.06,240
501,2023-07-15,6618,214,5,690.87,163.96,Apple Pay,123.8,45
502,2023-02-22,6595,548,3,2322.66,255.14,Apple Pay,72.86,207
503,2023-10-18,7711,697,10,2257.68,451.75,Venmo,79.56,629
504,2024-06-21,4542,536,8,517.96,303.41,Venmo,74.95,780
505,2024-08-31,7739,819,10,435.21,132.6,Google Pay,24.57,274
506,2024-10-19,5163,604,10,1981.41,253.29,Apple Pay,93.63,471
507,2023-03-11,5269,726,5,1363.0,454.23,bank transfer,159.12,778
508,2024-02-24,9441,225,10,366.22,124.53,Apple Pay,66.45,170
509,2024-08-24,9883,351,1,1281.67,484.97,Zelle,17.62,481
510,2023-10-22,6644,404,5,716.56,411.37,Google Pay,147.93,85
511,2023-02-07,3690,561,8,608.51,415.45,Zelle,30.86,449
512,2023-07-24,8477,536,4,1987.9,506.58,Google Pay,68.04,655
513,2024-01-26,4024,253,3,575.8,79.58,Google Pay,146.04,469
514,2023-06-27,1225,960,3,779.22,437.91,Venmo,16.44,95
515,2023-09-21,8673,802,7,960.19,436.69,credit card,66.22,399
516,2024-03-18,1028,422,5,1452.58,310.89,Venmo,70.05,180
517,2024-12-28,7824,276,10,363.32,380.33,Zelle,130.71,341
518,2023-01-09,3429,779,6,1809.85,266.15,gift card,106.14,482
519,2024-01-10,8122,332,1,1962.77,632.42,Google Pay,91.59,493
520,2024-02-08,5192,945,6,1970.25,88.82,Venmo,175.51,181
521,2023-06-05,8521,766,5,897.38,220.82,PayPal,105.19,795
522,2023-08-29,1632,690,2,748.41,488.41,Bitcoin,148.38,489
523,2024-09-01,7671,238,9,1767.65,598.85,bank transfer,1.83,617
524,2023-07-10,9549,255,10,1935.56,627.9,gift card,129.25,783
525,2023-03-19,6679,789,6,1388.32,668.77,Google Pay,24.45,137
526,2023-07-28,9196,549,2,2416.91,114.67,Google Pay,20.32,370
527,2024-10-23,4303,841,8,351.51,591.72,Bitcoin,179.12,575
528,2023-07-24,3247,857,2,1905.68,137.28,Google Pay,32.72,210
529,2024-11-29,1255,234,6,2220.7,538.81,Bitcoin,127.81,420
530,2024-09-14,5097,333,3,1901.79,495.77,gift card,105.51,241
531,2024-03-06,4546,765,3,1725.37,334.43,credit card,199.45,287
532,2023-06-15,1946,830,2,1758.88,628.95,Bitcoin,198.65,95
533,2024-03-08,7966,571,5,744.28,170.29,bank transfer,181.07,631
534,2024-02-21,7175,937,3,684.38,115.69,Apple Pay,115.54,661
535,2024-06-16,8287,533,1,747.23,170.58,Bitcoin,156.71,514
536,2023-02-28,3807,324,10,1020.74,375.09,Bitcoin,7.89,196
537,2023-09-11,2139,844,7,1224.04,219.26,bank transfer,135.66,769
538,2023-07-30,9028,401,3,1742.01,644.87,Google Pay,188.34,138
539,2024-03-06,9692,633,2,1268.35,255.15,Zelle,150.85,602
540,2023-03-24,6248,586,4,2464.39,84.92,PayPal,70.86,509
541,2023-01-21,9675,746,4,1940.73,233.32,Zelle,4.62,732
542,2023-02-05,7557,621,2,1833.24,535.97,gift card,198.36,165
543,2024-09-04,8925,289,4,1941.33,186.34,gift card,15.22,146
544,2023-11-17,2576,310,9,1393.39,550.49,Apple Pay,131.47,48
545,2024-08-31,5739,386,7,1096.01,529.49,PayPal,79.77,408
546,2023-01-20,4835,211,9,369.63,562.81,Zelle,146.89,604
547,2023-10-06,1414,417,4,1196.13,117.84,cash,72.01,683
548,2023-11-25,6119,838,6,1049.09,277.25,Google Pay,171.08,237
549,2023-04-20,1309,499,2,761.61,339.9,gift card,69.26,519
550,2023-01-09,9452,328,6,1589.17,342.78,credit card,138.45,435
551,2024-03-24,1150,980,6,528.18,637.7,Bitcoin,85.85,104
552,2024-10-15,2080,570,1,811.58,93.54,Google Pay,123.97,570
553,2024-12-08,2672,455,5,384.78,210.55,Venmo,158.72,763
554,2024-03-07,3226,618,7,1638.44,540.66,Bitcoin,137.83,476
555,2023-02-25,5016,797,7,1009.81,269.89,Apple Pay,17.52,460
556,2024-06-12,6169,534,8,1561.31,536.47,gift card,97.15,671
557,2023-11-08,6944,474,8,2020.58,521.2,Apple Pay,154.69,741
558,2023-01-05,8830,920,4,762.03,644.26,bank transfer,72.24,631
559,2024-08-02,2622,805,9,1589.41,642.66,Apple Pay,90.98,356
560,2023-02-05,2627,876,3,894.75,534.98,credit card,45.84,79
561,2023-11-08,6671,851,10,1365.7,225.56,PayPal,178.72,330
562,2023-06-27,4448,618,6,2279.98,377.69,PayPal,127.73,188
563,2024-02-04,4487,221,2,662.89,573.17,Google Pay,163.64,456
564,2023-04-05,7652,727,5,1974.52,310.57,gift card,6.81,486
565,2024-03-11,4399,213,2,1295.23,667.15,Zelle,93.82,378
566,2023-04-05,5834,264,4,1608.7,506.93,credit card,9.99,194
567,2024-12-20,7430,406,6,1146.43,204.77,Zelle,45.57,182
568,2023-07-30,4031,916,5,1012.59,84.84,Zelle,156.21,695
569,2023-07-14,2985,392,6,325.76,497.14,credit card,167.48,608
570,2023-04-08,6359,826,2,1393.67,577.79,credit card,1.57,350
571,2023-04-12,7162,209,3,974.66,565.29,Google Pay,91.44,529
572,2023-06-18,3616,276,10,2320.44,167.75,PayPal,113.74,618
573,2024-08-03,9219,972,5,1710.85,127.18,cash,102.21,230
574,2023-09-21,1684,686,5,1142.3,385.57,cash,85.63,18
575,2024-09-29,6270,333,2,303.61,624.81,Apple Pay,26.31,278
576,2024-11-24,5276,499,6,2238.36,431.92,cash,26.91,600
577,2023-04-06,5644,593,10,2087.0,596.25,PayPal,38.33,481
578,2024-02-05,6332,767,1,2071.15,116.23,Venmo,176.77,208
579,2024-03-12,7337,879,3,1764.85,683.32,Bitcoin,78.4,724
580,2023-04-15,7075,688,1,1900.34,336.96,gift card,32.52,757
581,2024-09-14,4387,878,1,1148.37,587.7,Google Pay,32.58,105
582,2024-08-11,5798,241,3,1675.88,461.91,Google Pay,77.86,592
583,2024-06-07,6231,482,5,1264.71,328.38,bank transfer,121.63,101
584,2024-10-31,9176,506,3,2401.21,469.57,credit card,185.02,329
585,2024-02-13,9801,879,3,2476.0,536.99,credit card,184.44,432
586,2024-07-29,2914,767,9,476.64,434.28,Google Pay,141.19,660
587,2023-12-15,5638,293,2,434.47,59.43,cash,120.39,44
588,2024-11-18,2648,678,8,1298.7,510.39,Apple Pay,134.19,747
589,2023-11-15,2143,572,10,1950.81,301.57,Bitcoin,8.37,202
590,2024-10-03,2817,385,3,1230.19,534.02,gift card,155.34,599
591,2023-08-12,3961,878,6,302.81,132.1,bank transfer,136.21,136
592,2024-10-22,3416,483,10,1385.45,518.81,Zelle,46.41,41
593,2023-07-08,7174,356,7,1681.97,685.06,gift card,126.04,688
594,2024-11-17,7265,270,3,459.34,284.55,credit card,90.18,434
595,2024-06-26,9398,593,5,1832.69,428.9,Google Pay,68.22,637
596,2024-12-23,2244,652,2,1037.09,613.93,gift card,102.32,535
597,2023-07-04,4258,592,9,1071.77,536.85,Bitcoin,62.99,211
598,2024-10-16,6864,545,10,2426.56,653.14,Apple Pay,123.86,240
599,2023-01-30,4533,823,5,768.42,503.18,Venmo,171.53,282
600,2023-11-28,2387,598,8,1189.85,418.0,Bitcoin,109.81,196
601,2024-05-23,7785,632,2,1382.47,416.34,gift card,38.3,240
602,2023-10-17,9375,499,3,1688.52,478.98,Apple Pay,197.11,598
603,2023-11-28,8222,612,2,739.44,673.43,Venmo,117.04,543
604,2023-06-19,2916,876,3,975.07,350.32,credit card,189.09,62
605,2024-04-01,2934,895,3,1568.92,575.61,gift card,106.87,658
606,2024-07-21,1188,237,3,1822.63,663.92,Bitcoin,155.17,734
607,2023-08-01,1524,828,6,1438.15,73.28,cash,178.01,363
608,2024-09-26,5944,724,7,2347.33,236.39,Venmo,187.78,381
609,2023-01-03,7136,577,1,776.04,276.54,Zelle,2.67,540
610,2024-09-09,3094,752,5,550.52,208.27,Zelle,179.5,587
611,2023-02-09,7897,505,3,963.92,587.3,Apple Pay,81.61,175
612,2024-08-14,4111,265,1,763.59,255.61,bank transfer,38.47,782
613,2023-10-19,1621,228,10,2182.92,323.59,Zelle,46.72,207
614,2024-01-23,2302,282,10,1035.25,261.43,Apple Pay,150.82,669
615,2023-05-04,8459,939,3,2208.68,552.55,Venmo,137.16,284
616,2024-02-06,4161,241,10,1625.68,632.24,gift card,195.55,219
617,2024-11-24,3823,441,10,2413.58,677.12,Venmo,178.1,707
618,2024-08-13,7880,776,9,2109.49,340.33,Bitcoin,149.93,327
619,2023-05-07,7663,827,6,2324.41,636.64,Venmo,67.46,557
620,2024-07-16,6351,930,8,1732.92,202.85,gift card,62.36,699
621,2023-04-07,6195,958,6,462.54,490.12,cash,129.9,385
622,2023-12-01,6256,485,8,1567.93,208.92,Zelle,134.7,243
623,2024-11-21,2614,525,7,1155.08,255.68,credit card,90.8,496
624,2023-08-16,7312,298,2,1187.33,614.44,PayPal,141.79,427
625,2024-04-06,8144,523,4,431.22,345.13,credit card,60.45,11
626,2023-05-01,5809,270,8,885.24,156.64,Zelle,37.73,352
627,2023-06-24,7225,670,6,662.1,583.23,bank transfer,192.78,222
628,2023-12-26,5024,828,1,1979.51,342.28,bank transfer,133.41,187
629,2024-03-17,5823,478,5,2074.94,291.71,Google Pay,73.19,601
630,2024-08-03,2675,350,7,1633.65,469.21,credit card,32.7,706
631,2024-05-09,1829,610,10,2495.47,288.25,credit card,128.91,600
632,2024-03-11,5942,460,1,324.87,363.25,gift card,189.6,72
633,2024-05-25,6040,880,4,843.53,292.47,credit card,87.16,43
634,2024-02-08,7849,655,8,1493.48,465.63,cash,175.18,68
635,2024-09-22,1778,274,10,1358.24,111.76,credit card,28.75,535
636,2023-03-11,3633,882,5,1399.86,385.11,Apple Pay,15.01,47
637,2024-02-09,9640,680,2,838.52,223.25,gift card,141.76,290
638,2024-09-20,7495,574,8,584.76,466.51,cash,124.09,173
639,2023-12-07,1475,494,7,493.75,89.97,gift card,77.52,18
640,2023-11-11,5371,505,1,1456.4,433.1,PayPal,17.17,257
641,2024-12-16,2552,307,5,439.76,232.93,Zelle,118.8,748
642,2023-10-18,7577,627,8,426.84,623.85,bank transfer,3.54,648
643,2024-01-04,7519,205,7,658.59,99.82,gift card,4.1,437
644,2023-06-02,9036,281,3,1524.33,73.62,cash,189.61,686
645,2023-06-07,1470,939,8,1622.21,647.34,cash,179.67,12
646,2023-02-19,4979,292,8,1392.29,552.64,bank transfer,105.6,365
647,2023-10-24,6275,723,9,1534.25,416.84,Venmo,109.58,259
648,2023-01-12,2057,607,1,2386.46,537.87,Venmo,55.61,109
649,2023-03-25,9673,815,5,1653.56,79.77,Bitcoin,171.95,764
650,2023-01-19,8977,406,4,2147.07,577.78,Zelle,78.27,459
651,2023-07-25,5270,916,2,1680.51,266.11,PayPal,30.31,795
652,2024-02-29,8382,313,10,1644.99,648.07,Venmo,2.85,472
653,2024-10-07,7569,494,9,1568.99,156.31,Venmo,38.58,517
654,2023-01-08,9335,820,7,2463.39,356.4,Venmo,195.85,571
655,2024-07-01,8414,412,3,1172.08,293.83,bank transfer,199.16,104
656,2024-03-07,8837,934,5,1008.25,457.24,cash,58.54,36
657,2024-03-05,6627,616,7,396.79,105.45,Venmo,79.71,494
658,2024-06-14,7688,331,2,2325.11,663.18,Google Pay,87.62,507
659,2023-02-12,3394,923,9,1137.86,459.0,Bitcoin,180.37,480
660,2024-07-05,2237,441,7,1086.91,456.92,PayPal,17.0,362
661,2023-08-31,4436,806,9,938.35,237.1,gift card,48.46,212
662,2024-11-11,7942,479,8,476.52,636.61,Apple Pay,54.93,424
663,2023-10-14,4556,414,3,1299.1,140.43,Apple Pay,80.84,233
664,2024-10-13,4992,643,10,836.51,148.8,PayPal,90.25,734
665,2024-12-01,9444,486,8,1245.53,144.9,Venmo,2.96,360
666,2024-08-12,5797,242,10,1363.47,287.6,PayPal,178.98,337
667,2024-12-29,8717,482,6,615.08,91.26,Zelle,4.03,163
668,2024-05-15,7758,561,7,955.86,490.42,Apple Pay,95.65,439
669,2024-09-03,5474,364,5,478.55,651.0,Apple Pay,10.87,499
670,2024-06-26,4884,321,1,1252.34,129.13,cash,184.71,173
671,2023-07-22,3959,226,8,2486.86,182.62,cash,58.16,263
672,2024-08-09,7826,509,4,1675.05,161.85,Zelle,34.87,93
673,2024-08-04,5928,772,3,1192.44,608.37,gift card,6.01,800
674,2024-09-08,7270,579,9,2050.73,126.14,bank transfer,118.44,538
675,2024-01-15,9454,295,5,1485.42,210.96,cash,53.66,386
676,2024-01-13,8545,202,7,1265.52,131.24,credit card,173.14,598
677,2023-12-07,2398,667,2,2280.34,587.28,Bitcoin,188.86,659
678,2023-02-25,7428,927,6,958.52,149.41,cash,122.33,167
679,2024-09-14,1379,456,5,1411.95,337.87,bank transfer,155.68,654
680,2024-09-07,7381,653,9,1457.58,404.84,cash,13.86,140
681,2023-05-15,6876,499,1,625.92,201.25,cash,124.84,248
682,2024-12-22,3288,226,3,977.04,325.35,Apple Pay,9.41,447
683,2024-04-23,1945,417,9,679.3,150.93,Zelle,109.94,337
684,2023-04-20,9320,854,7,1781.68,344.19,Apple Pay,185.95,294
685,2024-09-06,8347,974,4,802.77,502.06,Venmo,159.65,781
686,2024-10-02,5865,826,10,736.39,484.58,Bitcoin,70.99,486
687,2023-12-06,6753,313,3,2370.53,242.08,Google Pay,197.23,155
688,2023-12-15,4769,711,9,396.2,530.22,Bitcoin,193.44,103
689,2024-12-05,9552,219,6,1020.04,52.01,PayPal,109.58,605
690,2024-11-17,7291,313,1,2386.53,357.17,Apple Pay,104.98,126
691,2023-02-22,6335,824,9,784.53,580.84,Venmo,15.83,662
692,2024-06-19,8190,571,4,896.76,347.32,Google Pay,134.68,550
693,2024-12-21,8283,440,5,1320.4,161.74,bank transfer,154.47,711
694,2023-04-12,1088,719,10,380.42,438.46,PayPal,143.93,636
695,2023-06-22,5143,263,7,628.48,652.87,cash,59.71,446
696,2023-12-30,9791,895,4,2188.71,331.04,Venmo,135.22,13
697,2023-10-27,3818,479,3,427.01,598.91,bank transfer,67.58,226
698,2024-12-11,9049,274,5,1878.2,667.04,cash,32.72,180
699,2023-10-20,9510,935,6,1737.02,558.99,PayPal,173.81,747
700,2024-04-14,6837,840,10,2235.44,477.86,Apple Pay,61.46,63
701,2023-12-10,9412,820,5,1675.35,590.26,bank transfer,160.74,69
702,2024-05-13,7223,209,10,572.72,698.78,credit card,38.11,466
703,2024-12-12,6605,234,3,1844.97,433.13,PayPal,101.36,23
704,2023-09-01,1325,832,6,1266.92,489.94,credit card,122.66,672
705,2024-07-29,8788,375,3,1425.14,292.0,Apple Pay,160.95,575
706,2023-11-14,8455,596,5,1007.04,383.32,Google Pay,195.41,286
707,2023-07-27,8392,917,1,2358.95,476.09,Apple Pay,164.53,760
708,2024-12-25,5562,383,3,861.02,93.14,cash,84.29,74
709,2024-08-05,4774,299,9,1868.02,566.44,Venmo,191.88,684
710,2024-12-05,8239,301,7,359.75,301.86,Venmo,18.28,627
711,2024-06-27,3750,640,7,1421.3,253.92,cash,56.7,448
712,2023-07-02,5611,767,5,2261.04,597.14,cash,195.7,207
713,2024-03-10,2661,764,8,1236.88,374.89,bank transfer,134.22,583
714,2023-10-06,9598,853,7,1166.67,312.01,gift card,83.13,459
715,2023-10-11,4878,662,10,1102.65,321.73,PayPal,15.41,707
716,2024-11-08,9241,799,4,1452.03,133.2,Zelle,58.47,592
717,2023-12-17,4487,510,4,2282.07,235.65,Apple Pay,26.23,485
718,2023-08-05,5099,253,7,1713.16,164.61,credit card,144.73,608
719,2023-07-09,7870,335,8,1399.42,315.55,PayPal,1.88,70
720,2023-02-04,7516,395,6,854.47,411.31,Apple Pay,21.88,508
721,2024-10-27,3797,327,9,1810.09,437.41,Google Pay,75.55,220
722,2023-10-02,1777,355,4,2271.84,102.33,Zelle,35.7,334
723,2023-09-21,2183,543,8,750.84,134.85,PayPal,134.85,241
724,2024-05-10,9337,717,8,666.01,392.23,bank transfer,30.8,763
725,2023-03-06,7628,718,2,1904.07,450.4,Venmo,149.9,380
726,2023-03-01,5804,306,9,2383.89,519.28,Venmo,69.44,701
727,2023-11-21,6157,927,5,2341.49,187.79,credit card,165.36,148
728,2024-06-18,1777,902,9,1117.34,688.32,PayPal,190.45,473
729,2023-02-25,7323,649,5,2109.07,283.84,Venmo,52.7,636
730,2023-02-23,6253,478,2,913.21,274.66,Google Pay,6.36,716
731,2024-09-06,9200,653,6,945.07,134.12,Venmo,24.1,714
732,2023-05-13,6368,227,2,587.81,360.16,PayPal,79.56,396
733,2024-09-07,5486,605,5,1924.37,224.55,credit card,55.66,380
734,2023-01-04,1820,279,3,2401.63,138.11,credit card,132.47,172
735,2024-03-15,5893,406,9,2419.43,480.83,Zelle,130.68,64
736,2024-06-05,7662,593,4,385.9,159.9,Zelle,184.06,652
737,2023-11-02,2863,233,2,1898.94,442.26,Google Pay,171.87,435
738,2023-08-15,4705,715,3,1123.33,216.57,Apple Pay,63.17,93
739,2023-03-04,3660,699,10,2499.01,632.33,cash,43.43,726
740,2024-04-02,7661,491,3,1895.3,270.07,cash,91.43,546
741,2024-05-17,5105,318,2,404.82,283.79,Zelle,85.35,127
742,2023-07-26,4860,333,1,1892.29,176.98,bank transfer,98.17,277
743,2024-12-10,2028,319,7,672.15,374.6,bank transfer,49.82,302
744,2024-12-15,6273,721,1,1678.15,162.28,Venmo,126.59,53
745,2023-09-26,2822,982,7,321.85,312.31,PayPal,119.22,18
746,2023-04-16,8315,390,1,1788.79,608.19,Venmo,148.52,666
747,2024-09-13,6541,346,6,984.02,335.97,Zelle,84.61,610
748,2024-03-06,2025,265,2,1390.08,186.59,cash,115.18,289
749,2024-09-09,8638,780,5,1465.5,507.4,Google Pay,29.14,481
750,2023-11-01,9501,791,5,1992.79,280.92,Bitcoin,112.14,98
751,2023-02-13,4352,875,2,2328.18,455.73,credit card,70.18,49
752,2024-12-19,5696,400,5,2485.18,633.43,bank transfer,39.46,53
753,2024-01-31,7434,824,8,1271.45,670.95,gift card,112.82,318
754,2024-12-12,5092,796,2,1518.22,560.4,PayPal,31.41,600
755,2023-02-22,6212,368,6,1245.38,313.0,Google Pay,73.01,277
756,2024-12-16,9126,733,8,2124.88,343.56,Bitcoin,168.02,30
757,2024-09-03,3618,471,4,1185.42,206.57,Zelle,51.47,474
758,2023-02-10,3677,849,3,2047.39,361.51,cash,119.89,55
759,2024-04-20,5745,506,3,1100.57,629.12,Apple Pay,116.89,787
760,2023-07-21,9543,590,10,1430.51,425.55,Zelle,125.27,624
761,2023-05-01,1408,697,5,2360.45,225.57,credit card,171.14,514
762,2023-06-17,3765,830,4,2395.17,110.52,Apple Pay,133.59,572
763,2023-01-12,1585,862,1,1869.59,201.0,Zelle,16.85,779
764,2023-04-08,5002,318,8,1441.89,606.23,PayPal,161.34,752
765,2023-12-18,3472,442,10,1267.5,454.71,Google Pay,97.89,231
766,2023-10-08,6689,752,4,993.93,516.64,gift card,130.1,572
767,2024-03-18,3919,955,3,1703.6,623.0,PayPal,137.05,544
768,2024-04-02,3114,715,9,896.24,546.05,PayPal,31.95,605
769,2024-01-09,9156,896,3,1569.85,354.88,Venmo,31.24,20
770,2024-01-10,3288,279,5,1221.51,443.31,Zelle,158.49,457
771,2023-10-22,7560,460,6,1232.87,314.52,credit card,169.73,149
772,2024-01-08,8644,898,5,1574.59,439.05,bank transfer,44.22,660
773,2023-11-15,9740,749,3,1635.21,260.05,Venmo,131.75,73
774,2024-08-17,7507,779,8,1421.99,246.82,Zelle,79.83,387
775,2024-02-08,7565,419,1,1530.88,623.78,Venmo,191.58,186
776,2023-05-22,5176,272,1,1634.38,299.78,Google Pay,130.55,25
777,2023-01-03,1522,381,8,1983.85,116.07,Zelle,157.14,465
778,2023-10-02,3919,405,5,1226.09,216.69,PayPal,10.73,787
779,2023-03-21,1773,418,7,1319.49,169.19,Zelle,191.18,704
780,2023-05-30,3969,306,2,2283.48,138.64,Google Pay,160.01,547
781,2023-04-07,1491,290,2,1401.38,608.92,Google Pay,22.75,236
782,2024-08-07,1746,751,7,1357.39,513.8,gift card,121.21,113
783,2023-12-06,6072,304,9,1218.48,506.76,PayPal,99.61,506
784,2023-02-28,5145,560,8,383.91,552.26,credit card,30.52,387
785,2023-03-25,8230,540,10,1505.17,514.19,gift card,190.8,178
786,2024-07-11,4583,740,8,2434.8,357.17,Zelle,63.5,518
787,2024-06-24,2453,219,7,418.3,326.25,bank transfer,98.76,189
788,2024-06-19,8865,530,5,1281.73,475.06,Apple Pay,188.8,216
789,2024-11-14,3494,305,3,2340.1,488.45,gift card,52.91,408
790,2024-05-27,8567,233,2,1741.33,120.43,Google Pay,138.23,277
791,2023-06-06,8755,973,3,1161.58,367.51,Zelle,113.15,177
792,2023-11-13,3846,745,9,857.1,343.03,Google Pay,56.41,530
793,2024-10-10,8003,479,1,1548.6,268.7,credit card,49.7,282
794,2024-07-03,4407,284,3,1504.26,660.48,bank transfer,157.61,334
795,2024-12-03,8401,385,4,2205.18,314.6,Bitcoin,84.55,316
796,2023-05-24,7925,678,10,1184.16,72.53,Zelle,150.56,150
797,2024-04-03,2413,699,8,1856.13,113.0,credit card,76.24,21
798,2024-04-26,3078,509,10,316.09,117.66,cash,143.38,315
799,2024-08-27,9102,271,5,617.17,101.02,Venmo,1.73,389
800,2023-09-14,4260,875,10,1165.59,505.7,gift card,88.82,467
801,2024-11-06,7186,888,10,884.92,240.78,Zelle,57.75,572
802,2024-08-18,5838,992,3,307.45,449.33,credit card,99.48,309
803,2024-04-27,4479,511,3,2015.07,391.51,credit card,26.48,777
804,2023-12-04,8382,389,6,1907.11,589.04,bank transfer,105.98,594
805,2024-12-19,8481,235,9,1017.63,427.16,Venmo,171.98,404
806,2023-12-21,9147,316,5,2476.72,258.45,cash,162.43,464
807,2023-08-17,7074,745,2,1318.64,658.88,Venmo,130.73,648
808,2023-06-02,7750,731,8,2074.2,635.26,Zelle,120.16,731
809,2023-06-02,6260,688,6,542.52,94.73,cash,7.14,761
810,2024-01-28,8068,857,7,887.23,584.07,Venmo,170.57,219
811,2024-06-22,3391,329,3,488.03,357.3,gift card,140.89,550
812,2023-07-30,3655,945,6,943.36,388.6,Google Pay,77.03,274
813,2023-12-27,7975,536,7,1291.3,260.73,Zelle,161.17,347
814,2023-09-16,7385,347,4,1391.26,402.68,Apple Pay,52.03,59
815,2023-01-05,8648,413,2,541.89,622.49,gift card,5.58,99
816,2024-05-07,4099,897,6,1167.45,98.99,Apple Pay,149.27,255
817,2024-04-22,5210,778,4,1417.07,681.74,gift card,73.37,590
818,2023-06-09,7455,227,10,1603.52,401.11,Venmo,75.8,169
819,2024-02-10,4165,394,7,692.14,659.17,Bitcoin,191.15,340
820,2023-06-30,5566,982,5,1553.04,562.61,bank transfer,76.33,132
821,2024-01-18,7068,904,3,2038.24,195.18,credit card,136.31,656
822,2024-11-06,9331,302,1,790.7,62.57,credit card,191.2,600
823,2023-04-24,5177,740,5,1725.37,591.97,cash,99.06,448
824,2024-08-09,7721,711,2,487.53,330.35,Venmo,35.1,440
825,2023-03-03,8833,691,2,1320.15,63.96,Apple Pay,165.54,216
826,2024-02-09,8165,272,6,398.0,109.88,credit card,81.65,525
827,2023-01-14,7651,956,9,1330.26,211.97,gift card,189.58,14
828,2023-07-03,2307,905,5,1666.45,324.98,Apple Pay,178.98,589
829,2024-06-29,5605,348,4,431.86,592.99,cash,58.77,38
830,2024-09-29,4157,630,5,1073.18,401.02,bank transfer,42.38,553
831,2023-08-01,9457,741,1,1887.94,606.46,PayPal,183.67,81
832,2023-01-21,5586,872,6,2198.42,66.19,Zelle,33.35,35
833,2024-05-25,8299,375,7,1993.48,345.57,cash,72.34,202
834,2024-06-27,8073,617,10,2362.71,246.63,bank transfer,25.35,348
835,2023-11-03,2711,805,4,1306.44,441.02,cash,31.27,205
836,2024-05-26,5482,831,6,1107.84,498.16,credit card,10.07,47
837,2024-01-29,1563,581,8,352.26,602.51,bank transfer,32.46,614
838,2024-03-20,9064,801,2,2447.18,164.25,Apple Pay,115.96,302
839,2023-08-31,1943,923,8,740.68,153.11,cash,28.51,459
840,2023-06-24,1044,850,5,2290.98,296.01,cash,61.44,522
841,2024-05-18,1069,930,6,1646.7,56.0,cash,85.8,199
842,2023-05-30,6423,631,10,1551.9,197.28,Apple Pay,77.85,37
843,2023-06-10,3403,276,2,1703.93,242.18,Bitcoin,161.97,318
844,2023-01-18,4083,972,1,1478.0,327.75,Venmo,43.01,373
845,2023-01-19,9968,954,7,2351.42,592.25,Zelle,187.96,688
846,2024-03-18,4923,861,7,943.83,156.11,Apple Pay,103.72,229
847,2023-07-11,5509,217,1,960.0,372.29,Google Pay,32.68,698
848,2024-10-07,4582,676,6,2499.56,58.47,PayPal,110.01,341
849,2023-09-09,6269,878,5,1843.33,542.63,gift card,114.13,430
850,2023-09-16,2315,910,10,1973.19,322.87,Apple Pay,113.85,222
851,2024-08-28,6196,522,5,1299.22,478.87,PayPal,126.16,398
852,2023-06-13,6328,723,1,2003.81,435.93,bank transfer,24.64,782
853,2023-01-16,6149,641,10,655.23,127.25,cash,11.48,89
854,2023-01-31,4960,466,8,1195.77,51.69,credit card,129.27,200
855,2023-10-10,7066,332,5,1278.68,340.85,credit card,162.47,189
856,2023-12-28,8872,563,9,1060.83,260.11,cash,147.47,46
857,2024-01-05,9337,931,7,484.77,496.86,bank transfer,158.0,676
858,2024-06-30,1871,725,6,2465.75,228.47,Google Pay,32.62,365
859,2023-08-09,1309,468,2,1561.93,212.98,Zelle,79.91,757
860,2024-06-16,4153,313,6,1643.52,374.86,cash,61.36,221
861,2024-09-23,4414,592,5,1058.29,537.65,Bitcoin,130.99,612
862,2023-11-19,6800,879,1,386.52,433.72,Google Pay,129.96,698
863,2023-04-17,5279,350,1,1760.56,558.86,Google Pay,107.42,387
864,2024-11-11,6236,551,8,2219.44,332.1,Zelle,173.62,24
865,2024-02-13,7560,206,10,2374.64,459.56,Google Pay,114.39,506
866,2024-01-07,2976,331,4,1650.49,403.73,cash,188.88,457
867,2023-05-19,5142,914,5,534.01,496.41,gift card,141.29,434
868,2024-10-13,5316,691,8,1164.85,177.41,Bitcoin,11.23,21
869,2024-01-05,1307,278,2,939.32,549.33,Zelle,109.08,338
870,2024-05-19,3548,957,4,1297.98,65.67,Apple Pay,122.71,548
871,2023-12-30,1500,496,6,684.46,654.38,Google Pay,67.46,346
872,2024-12-20,6851,445,10,1234.93,639.5,Bitcoin,101.91,240
873,2023-04-12,4374,731,3,1199.54,637.66,cash,70.8,125
874,2024-01-11,3282,487,5,1369.73,309.32,Google Pay,122.24,35
875,2024-04-05,4166,603,4,2298.78,248.8,cash,94.28,325
876,2024-05-24,3235,778,5,2200.8,363.84,Venmo,0.93,470
877,2023-09-11,9566,465,9,1712.79,238.43,credit card,60.07,209
878,2024-04-24,9159,664,1,2290.03,475.73,credit card,54.09,156
879,2024-05-23,2497,604,4,1153.38,198.95,credit card,73.22,699
880,2024-10-07,1119,835,10,526.06,350.91,cash,122.81,276
881,2023-04-02,1706,401,3,446.11,688.74,credit card,186.14,420
882,2023-07-14,1793,215,2,2031.29,310.43,Venmo,122.42,526
883,2024-10-07,9079,777,6,2047.13,608.93,Venmo,198.77,250
884,2024-01-11,2077,300,8,1730.64,456.96,credit card,135.82,202
885,2023-01-25,4578,819,7,2091.09,528.81,gift card,28.8,707
886,2024-10-27,2049,691,1,2007.59,632.04,credit card,101.83,82
887,2023-01-26,1886,727,10,494.17,563.67,Zelle,18.32,284
888,2024-07-17,3652,233,8,1088.11,291.74,bank transfer,58.0,547
889,2023-04-01,5899,928,10,482.2,488.1,PayPal,59.38,261
890,2024-11-14,2017,878,2,2148.09,200.83,PayPal,103.43,281
891,2023-02-12,8080,363,1,1153.64,378.46,Apple Pay,154.53,437
892,2024-10-09,7994,694,3,1203.03,571.08,Venmo,127.96,192
893,2023-05-25,9889,709,10,763.19,105.95,Google Pay,165.59,93
894,2024-06-30,1690,917,6,373.57,164.79,Venmo,49.4,339
895,2024-02-13,9145,967,9,816.53,224.73,bank transfer,19.55,270
896,2023-12-30,5357,858,6,2440.43,400.96,Google Pay,139.65,421
897,2024-03-18,1060,788,1,1886.28,54.02,bank transfer,146.84,480
898,2024-04-13,6476,303,4,2424.4,630.61,PayPal,50.97,683
899,2023-04-09,4098,635,6,658.95,539.24,Zelle,35.06,564
900,2023-09-04,3756,830,5,2318.7,102.25,Venmo,183.0,625
901,2024-05-26,7863,378,8,1442.65,570.88,cash,134.28,216
902,2024-04-25,9520,863,8,1778.3,308.03,PayPal,199.68,272
903,2024-06-13,3669,732,4,1393.97,425.4,Venmo,178.77,354
904,2024-06-01,1725,899,1,1472.36,497.83,Apple Pay,94.78,98
905,2023-05-18,9147,362,8,2012.51,688.79,cash,136.8,454
906,2024-07-08,6904,385,8,1504.8,597.54,Zelle,19.54,89
907,2024-02-29,1748,616,7,1116.45,208.82,gift card,168.75,428
908,2023-12-23,1348,455,10,1029.88,315.88,Apple Pay,6.29,308
909,2024-09-10,6795,965,3,314.68,395.46,Apple Pay,96.61,336
910,2023-07-22,7537,590,9,330.06,305.86,bank transfer,35.52,374
911,2023-12-07,7404,220,6,1156.11,164.77,Apple Pay,70.41,474
912,2023-08-18,9836,942,9,684.66,185.11,Apple Pay,161.35,736
913,2023-05-19,6166,921,7,1828.92,543.24,Bitcoin,17.87,534
914,2023-08-20,6304,903,3,1094.78,376.89,credit card,106.02,271
915,2023-03-10,9507,348,5,2108.14,613.33,cash,4.55,257
916,2024-07-21,4315,441,10,1254.63,689.15,cash,147.87,158
917,2023-12-17,1529,328,4,1706.95,197.44,cash,12.4,290
918,2024-11-26,6814,851,1,1254.37,280.08,Bitcoin,129.9,512
919,2024-11-25,9525,280,3,1204.05,584.14,Apple Pay,61.41,316
920,2023-09-22,1944,398,3,1842.68,209.26,bank transfer,13.84,542
921,2023-10-30,1249,361,7,905.92,245.08,Apple Pay,52.91,518
922,2024-10-21,6969,465,7,1240.03,405.63,cash,133.93,242
923,2024-01-30,6850,914,10,1714.05,596.63,Venmo,136.79,635
924,2023-12-22,2178,238,1,1189.4,591.42,Zelle,80.58,442
925,2024-08-26,8564,847,4,2250.33,59.32,cash,26.03,493
926,2023-10-01,8510,475,5,1218.01,637.58,cash,174.16,694
927,2023-12-05,2102,697,1,1622.26,625.98,Google Pay,8.96,461
928,2023-08-21,7174,277,7,1567.98,206.85,Apple Pay,64.16,494
929,2023-05-16,3854,475,2,1773.63,620.22,Zelle,194.88,679
930,2023-03-06,8945,923,10,569.54,646.22,credit card,113.23,413
931,2024-02-19,6383,783,1,632.29,537.3,Bitcoin,33.31,75
932,2023-07-24,1285,548,9,1171.39,688.1,bank transfer,97.58,663
933,2024-03-16,5414,876,9,2199.73,303.86,gift card,141.68,331
934,2023-10-22,9112,818,10,2273.92,236.82,PayPal,116.64,629
935,2024-09-26,1900,967,8,527.7,284.58,gift card,72.97,768
936,2023-09-30,1362,978,10,915.69,302.45,PayPal,171.39,317
937,2023-08-24,5639,930,7,1342.04,579.43,Venmo,160.99,119
938,2024-06-09,8313,685,1,2163.23,616.37,Apple Pay,178.8,563
939,2024-11-10,1574,350,4,552.33,55.89,Zelle,163.35,273
940,2023-09-24,3502,306,10,1951.32,293.47,credit card,44.88,49
941,2024-08-13,2068,860,2,1566.93,426.0,bank transfer,4.71,561
942,2024-07-08,8509,516,9,2014.13,477.8,Google Pay,148.78,642
943,2024-04-12,3994,387,7,1341.96,694.26,gift card,151.98,162
944,2024-12-26,5398,997,1,2350.15,128.21,Venmo,96.92,140
945,2024-11-19,7418,239,10,1002.51,276.11,Apple Pay,185.46,312
946,2024-01-26,3214,981,1,1721.89,114.06,Venmo,193.03,242
947,2024-02-23,2212,816,2,617.68,171.09,PayPal,170.65,252
948,2024-11-01,9537,433,9,1300.87,51.03,cash,130.64,484
949,2024-01-10,8091,528,10,1445.81,627.13,Apple Pay,7.57,612
950,2024-06-02,2891,269,1,1239.07,539.72,Zelle,192.55,174
951,2024-08-28,3441,461,7,1623.4,436.96,Zelle,100.95,194
952,2023-01-01,3534,403,8,1392.72,657.23,Zelle,188.64,796
953,2024-11-17,8757,505,7,2166.32,409.42,Apple Pay,192.77,531
954,2023-01-10,9855,590,10,402.1,199.81,Zelle,106.16,125
955,2023-03-01,2555,922,10,1713.83,364.42,PayPal,85.56,150
956,2023-09-09,6037,892,1,1507.09,287.31,Google Pay,42.16,378
957,2024-04-23,8385,843,8,1275.74,609.67,Apple Pay,68.62,115
958,2023-03-14,9309,530,7,1994.12,334.97,Bitcoin,32.37,764
959,2023-01-16,6650,315,3,1462.11,265.57,credit card,140.59,306
960,2023-10-09,6651,434,3,2129.2,144.28,bank transfer,132.99,203
961,2024-02-07,7443,623,9,766.08,317.04,PayPal,149.27,740
962,2023-01-17,8118,331,8,1515.69,176.3,Google Pay,90.56,209
963,2024-03-20,7062,371,6,475.3,345.37,gift card,172.24,446
964,2024-10-27,2554,938,6,1411.3,583.35,bank transfer,59.47,18
965,2023-04-06,7158,500,7,1902.52,61.87,Bitcoin,180.8,800
966,2024-05-24,1609,875,6,1096.4,108.22,PayPal,48.27,374
967,2024-10-16,5461,650,1,1778.57,80.91,cash,135.92,334
968,2023-11-02,8655,789,4,1825.82,377.15,PayPal,118.0,139
969,2024-11-29,7971,373,10,395.24,72.39,bank transfer,12.15,72
970,2023-07-14,5607,534,9,541.77,217.65,credit card,89.96,520
971,2023-08-26,6541,646,8,2219.11,587.28,bank transfer,198.69,274
972,2024-11-17,1585,783,5,2160.72,290.23,PayPal,99.46,644
973,2024-05-16,4935,593,5,2066.43,496.14,credit card,10.92,301
974,2023-06-23,4681,972,6,886.79,655.1,Zelle,176.38,527
975,2024-08-03,7412,601,8,2233.81,431.59,Google Pay,2.83,279
976,2024-03-02,2752,443,3,2266.74,329.44,PayPal,164.36,716
977,2023-11-03,1901,405,1,1661.14,148.47,credit card,12.49,177
978,2023-03-05,3734,949,4,2017.51,568.26,Zelle,69.39,576
979,2024-07-04,4095,500,4,412.74,615.38,gift card,78.89,609
980,2023-09-15,8068,334,9,2042.47,579.44,gift card,78.67,672
981,2023-04-30,4237,558,2,2128.19,667.15,bank transfer,142.4,292
982,2023-12-06,4778,505,4,709.62,446.84,gift card,174.66,381
983,2024-10-02,4358,628,2,1497.03,498.63,Zelle,33.29,550
984,2024-12-16,6961,561,2,1277.47,668.82,bank transfer,98.15,87
985,2024-05-04,7239,854,2,1599.56,323.46,Google Pay,108.15,460
986,2023-10-24,8417,888,6,2132.23,179.04,Zelle,23.93,322
987,2024-02-28,2614,637,1,1146.11,58.81,PayPal,83.17,242
988,2024-08-11,6918,940,9,573.9,257.57,cash,25.56,558
989,2024-02-28,3524,442,4,2002.87,59.01,Google Pay,100.77,22
990,2024-04-09,1518,477,6,353.86,69.31,Bitcoin,154.49,77
991,2023-04-03,6082,382,1,1481.13,310.83,Apple Pay,134.04,543
992,2023-12-29,4383,579,7,912.02,54.16,Bitcoin,52.37,615
993,2024-07-11,6106,996,9,1939.99,109.44,Bitcoin,92.97,592
994,2024-05-31,2638,788,8,340.03,577.24,Apple Pay,197.87,94
995,2024-10-31,6913,736,1,1962.57,507.45,PayPal,33.99,79
996,2024-04-15,3146,782,5,328.05,72.19,gift card,88.02,700
997,2023-07-30,1740,304,9,553.41,377.1,Venmo,169.53,206
998,2024-11-30,5641,263,2,936.95,54.05,credit card,72.29,376
999,2023-04-30,3858,629,4,1281.32,226.98,PayPal,57.4,156
1000,2024-05-04,1900,299,10,2229.21,179.11,credit card,142.09,284
